block,extrinsicIndex,signer,derivativeIndex,derivedAccount,success
1515047,3,5G3rej8vFLEMVcJPeMBnaxRBATtPEj3cXkSPDT2iEgbkMgbs,1,5EkgBizB262UnMA8VCUPkRe7ZP3aoC4QFGugrzS2Eq41HFbQ,false
3428443,1,5CZumaWMpggYUJvEjGB6rH2KMNhZhRG2RFVPopMabWjHJWRi,1,5FwJURRmajCUpYFWsasmUxumPDK9rzh13AEwLhB8h31Qfbrs,false
3428450,1,5GEkeVgLtxezLCYDKQ11LcUwotRQwxyDKJsWBx52CsZbLDQB,1,5H4QZndCWoFdSz2F8GzC6fDVFJKmD6of4aVtHwxtbigAJTun,false
3429282,1,5CZumaWMpggYUJvEjGB6rH2KMNhZhRG2RFVPopMabWjHJWRi,0,5D5FjEwfomgf1DF1EenSmhEsVbZGD9ha9XbkidtZWtiKVSB7,false
3429292,1,5CZumaWMpggYUJvEjGB6rH2KMNhZhRG2RFVPopMabWjHJWRi,0,5D5FjEwfomgf1DF1EenSmhEsVbZGD9ha9XbkidtZWtiKVSB7,false
3429296,2,5CZumaWMpggYUJvEjGB6rH2KMNhZhRG2RFVPopMabWjHJWRi,0,5D5FjEwfomgf1DF1EenSmhEsVbZGD9ha9XbkidtZWtiKVSB7,false
3436843,1,5E47Uyhix26U7MYVPQezkquuVpm6C4Wj4tnHRfBUVeDLPE7o,0,5CgArx914YhJXvXyQcPWDbDysYvjzq5Eaf81CmZvjZ25Ghbp,false
3437597,1,5E47Uyhix26U7MYVPQezkquuVpm6C4Wj4tnHRfBUVeDLPE7o,0,5CgArx914YhJXvXyQcPWDbDysYvjzq5Eaf81CmZvjZ25Ghbp,false
3437606,1,5DJcwywd6DgGJbgfEPHfc7dbHbhouo5xDohJptMmUuypZ6DM,0,5D1epVvxZHDxq93fYuS6RQu6Tv9Se3FAEa1rriCWUU3ez8ab,false
3437609,1,5E47Uyhix26U7MYVPQezkquuVpm6C4Wj4tnHRfBUVeDLPE7o,0,5CgArx914YhJXvXyQcPWDbDysYvjzq5Eaf81CmZvjZ25Ghbp,false
3437733,1,5HECJDMWFpeGCtQuqUaLneMjJf9yvq6VMqovLoeXw5DoZuui,0,5DDGQh5FLr5gurLV5YybhrgnrcXtYZpZH2WAs295BzRVdJRy,false
3437768,1,5E47Uyhix26U7MYVPQezkquuVpm6C4Wj4tnHRfBUVeDLPE7o,0,5CgArx914YhJXvXyQcPWDbDysYvjzq5Eaf81CmZvjZ25Ghbp,false
3437830,1,5DJcwywd6DgGJbgfEPHfc7dbHbhouo5xDohJptMmUuypZ6DM,0,5D1epVvxZHDxq93fYuS6RQu6Tv9Se3FAEa1rriCWUU3ez8ab,false
3438201,1,5E47Uyhix26U7MYVPQezkquuVpm6C4Wj4tnHRfBUVeDLPE7o,0,5CgArx914YhJXvXyQcPWDbDysYvjzq5Eaf81CmZvjZ25Ghbp,false
3438209,1,5E47Uyhix26U7MYVPQezkquuVpm6C4Wj4tnHRfBUVeDLPE7o,0,5CgArx914YhJXvXyQcPWDbDysYvjzq5Eaf81CmZvjZ25Ghbp,false
3438230,1,5E47Uyhix26U7MYVPQezkquuVpm6C4Wj4tnHRfBUVeDLPE7o,0,5CgArx914YhJXvXyQcPWDbDysYvjzq5Eaf81CmZvjZ25Ghbp,false
6942946,2,5D5M2X9VTa5iW2tScCcUbZnvL9yxJa1juydVjTbA46WJkbpR,64623,5E11VdMMw75UkuNks5Pt2W8h8hDi1W2hcyhQWycqBFzVsYi8,true
6942951,2,5D5M2X9VTa5iW2tScCcUbZnvL9yxJa1juydVjTbA46WJkbpR,64623,5E11VdMMw75UkuNks5Pt2W8h8hDi1W2hcyhQWycqBFzVsYi8,true
6942970,2,5D5M2X9VTa5iW2tScCcUbZnvL9yxJa1juydVjTbA46WJkbpR,64635,5CBbA7J5hD4NL5zvEXmYLRMddZdoQG5yeGrQCNAG6dV7MyTy,true
7138222,5,5E6m1XrXyiHj5gd2Lin9j5HgYzvsb7x6BmAPE5H5RBdkaeMT,1,5DadBG1xaS2wR2uuha2VcraatETCYQ1mMBguiaE9NJphppqj,false
7138349,5,5E6m1XrXyiHj5gd2Lin9j5HgYzvsb7x6BmAPE5H5RBdkaeMT,0,5FsSEYAnK7tCCy4tY7qPkuHvocV6JsSx2cH9Y598SS7aJAz5,false
7138352,5,5E6m1XrXyiHj5gd2Lin9j5HgYzvsb7x6BmAPE5H5RBdkaeMT,0,5FsSEYAnK7tCCy4tY7qPkuHvocV6JsSx2cH9Y598SS7aJAz5,false
7138356,5,5E6m1XrXyiHj5gd2Lin9j5HgYzvsb7x6BmAPE5H5RBdkaeMT,1,5DadBG1xaS2wR2uuha2VcraatETCYQ1mMBguiaE9NJphppqj,false
7383503,2,5EspykN14Hjt3RkLfaUdAiLirxQ2cFvnQK6uzvcjXPMkFkrw,0,5Efw751NBbs62eUphn81eZ5yiEJSGm7oK5CHhMY7jaUQ76Ee,false
7383514,2,5E6m1XrXyiHj5gd2Lin9j5HgYzvsb7x6BmAPE5H5RBdkaeMT,0,5FsSEYAnK7tCCy4tY7qPkuHvocV6JsSx2cH9Y598SS7aJAz5,false
7383516,2,5E6m1XrXyiHj5gd2Lin9j5HgYzvsb7x6BmAPE5H5RBdkaeMT,1,5DadBG1xaS2wR2uuha2VcraatETCYQ1mMBguiaE9NJphppqj,false
8633143,2,5F6ebwgJxkYjeUE6j97SX6gh4oYeMCTShXRz6FQBKgxLrnXd,1,5FCRh3QDRqW2jtL4G7xC8JyvKR1L47ecDJ1Dtkf7fwYtzKtr,false
8633362,2,5F6ebwgJxkYjeUE6j97SX6gh4oYeMCTShXRz6FQBKgxLrnXd,1,5FCRh3QDRqW2jtL4G7xC8JyvKR1L47ecDJ1Dtkf7fwYtzKtr,false
8634057,2,5F6ebwgJxkYjeUE6j97SX6gh4oYeMCTShXRz6FQBKgxLrnXd,1,5FCRh3QDRqW2jtL4G7xC8JyvKR1L47ecDJ1Dtkf7fwYtzKtr,false
8634109,2,5F6ebwgJxkYjeUE6j97SX6gh4oYeMCTShXRz6FQBKgxLrnXd,1,5FCRh3QDRqW2jtL4G7xC8JyvKR1L47ecDJ1Dtkf7fwYtzKtr,false
12694631,3,5Ggg5Tqh6peMRL2ArHmEWC5uFUM37GD92JJnFgYVXR2Tjjvo,0,5D1pfmY8vno42zFE3Q9JanArCea1yZtZaNxmLW912DRqfMuU,false
12694634,2,5Ggg5Tqh6peMRL2ArHmEWC5uFUM37GD92JJnFgYVXR2Tjjvo,0,5D1pfmY8vno42zFE3Q9JanArCea1yZtZaNxmLW912DRqfMuU,false
12694641,2,5Ggg5Tqh6peMRL2ArHmEWC5uFUM37GD92JJnFgYVXR2Tjjvo,0,5D1pfmY8vno42zFE3Q9JanArCea1yZtZaNxmLW912DRqfMuU,true
12694659,2,5Ggg5Tqh6peMRL2ArHmEWC5uFUM37GD92JJnFgYVXR2Tjjvo,0,5D1pfmY8vno42zFE3Q9JanArCea1yZtZaNxmLW912DRqfMuU,false
12712697,2,5Ggg5Tqh6peMRL2ArHmEWC5uFUM37GD92JJnFgYVXR2Tjjvo,0,5D1pfmY8vno42zFE3Q9JanArCea1yZtZaNxmLW912DRqfMuU,true
12967956,2,5Fq98AE2kjKePg78DUBJ7z3DydAwMkQoJjbADDfwrQ5Ywo4W,0,5Hjgbz1yaUie1hz2tE9TUNec8dnefti2uC4wF1uEC8RQPSA1,false
12967982,2,5Fq98AE2kjKePg78DUBJ7z3DydAwMkQoJjbADDfwrQ5Ywo4W,0,5Hjgbz1yaUie1hz2tE9TUNec8dnefti2uC4wF1uEC8RQPSA1,false
12968018,2,5Fq98AE2kjKePg78DUBJ7z3DydAwMkQoJjbADDfwrQ5Ywo4W,0,5Hjgbz1yaUie1hz2tE9TUNec8dnefti2uC4wF1uEC8RQPSA1,false
13603961,2,5FFG7GHAR2F2xCb5bqaLQrdgNGdtEL64tYgZimRBHDjuxVuA,0,5C9nmjcQDCX9pxW4frZK2W56ZTtqc9BwV8k45AkTcYB5ioeR,true
13658608,2,5FFG7GHAR2F2xCb5bqaLQrdgNGdtEL64tYgZimRBHDjuxVuA,0,5C9nmjcQDCX9pxW4frZK2W56ZTtqc9BwV8k45AkTcYB5ioeR,true
14552144,2,5HgRn9HfUjJ6zwWdzHoTXg8yHQizMGcmxHgyGXTJUmb43hUo,1,5FV1Kmr4v81dmSLkNjTcbJjBcy3Y4tFNPP4SWC45jhhynmdh,false
14552149,2,5HgRn9HfUjJ6zwWdzHoTXg8yHQizMGcmxHgyGXTJUmb43hUo,0,5HSw4GQTTENSpK8hiomEAwddoH5FtAFHRNTGqsagnHs3RQmf,false
16479865,2,5D4TdhqabPraDyMoWu2wZFibkJMhoao6rpehaLL9yQFPCwMw,0,5ECzP1vv6ZF6PUyNVmxM8ft9ewXi8xY4YoBT4MM3HMEof8aM,false
16490343,2,5D4QTVPdDTWDNCxPSZYC7USxrmogWjFxHVYT7wxzjLriqGJy,0,5E8hBr8udjGr5VFDJWQhP4q3SxmgeEwpKbmCyKstnYkyMU5z,false
16490347,2,5GNb1RUcSmr1sU4b1iPULCiDVnhFsPRCWPZJ73cPfBPh4ien,0,5Hgsfzh6aBPLcMbpBbKvXJu26fzVjraVXEWrEUVhFU8ZaNBm,false
23261277,2,5DbLYpLnewy8Nd1YJgn8GKqpEWL5bXTYCgr6vwJY6wRNUmdf,1,5CVRKEvg2eNhGM8pBvhQwQi9a29MEPeojAbCbAm6Z22SwE6S,true
23267056,2,5DbLYpLnewy8Nd1YJgn8GKqpEWL5bXTYCgr6vwJY6wRNUmdf,1,5CVRKEvg2eNhGM8pBvhQwQi9a29MEPeojAbCbAm6Z22SwE6S,true
23267176,2,5DbLYpLnewy8Nd1YJgn8GKqpEWL5bXTYCgr6vwJY6wRNUmdf,200,5E5HgDr62tRNe9QokjPU7smvND9eYGKi1BeF8WsfDHf1vhaA,true
23267179,2,5DbLYpLnewy8Nd1YJgn8GKqpEWL5bXTYCgr6vwJY6wRNUmdf,400,5DAmWSvsp3NrSsNkVHcMKEKqBBpTyDSsZPinnSj6piATw4MH,true
23267182,2,5DbLYpLnewy8Nd1YJgn8GKqpEWL5bXTYCgr6vwJY6wRNUmdf,600,5FSF1xQrg6w6ypc2ktbEdg9J5cVErFzQAjJs7t8oGD76wdyD,true
