Pallet,Storage,Assertion,Chain,When,Rust Test
System,,,,,
Scheduler,IncompleteSince,empty,Asset Hub,before,
Scheduler,IncompleteSince,empty,Relay,after,
Scheduler,IncompleteSince,length,Asset Hub,after,
Scheduler,IncompleteSince,consistent,Asset Hub,after,
Scheduler,IncompleteSince,correct,Asset Hub,after,
Scheduler,Agenda,empty,Asset Hub,before,
Scheduler,Agenda,empty,Relay,after,
Scheduler,Agenda,length,Asset Hub,after,
Scheduler,Agenda,consistent,Asset Hub,after,
Scheduler,Agenda,correct,Asset Hub,after,
Scheduler,Retries,empty,Asset Hub,before,
Scheduler,Retries,empty,Relay,after,
Scheduler,Retries,length,Asset Hub,after,
Scheduler,Retries,consistent,Asset Hub,after,
Scheduler,Retries,correct,Asset Hub,after,
Scheduler,Lookup,empty,Asset Hub,before,
Scheduler,Lookup,empty,Relay,after,
Scheduler,Lookup,length,Asset Hub,after,
Scheduler,Lookup,consistent,Asset Hub,after,
Scheduler,Lookup,correct,Asset Hub,after,
Preimage,StatusFor,empty,Asset Hub,before,[line 401](https://github.com/polkadot-fellows/runtimes/tree/a15fd2f2e60976bad12fce9c38d47dbce1f8f74b/pallets/ah-migrator/src/preimage.rs:401)
Preimage,StatusFor,empty,Relay,after,
Preimage,StatusFor,length,Asset Hub,after,
Preimage,StatusFor,consistent,Asset Hub,after,
Preimage,StatusFor,correct,Asset Hub,after,[line 410](https://github.com/polkadot-fellows/runtimes/tree/a15fd2f2e60976bad12fce9c38d47dbce1f8f74b/pallets/ah-migrator/src/preimage.rs:410)
Preimage,RequestStatusFor,empty,Asset Hub,before,[line 318](https://github.com/polkadot-fellows/runtimes/tree/a15fd2f2e60976bad12fce9c38d47dbce1f8f74b/pallets/ah-migrator/src/preimage.rs:318)
Preimage,RequestStatusFor,empty,Relay,after,
Preimage,RequestStatusFor,length,Asset Hub,after,
Preimage,RequestStatusFor,consistent,Asset Hub,after,[line 258](https://github.com/polkadot-fellows/runtimes/tree/a15fd2f2e60976bad12fce9c38d47dbce1f8f74b/pallets/ah-migrator/src/preimage.rs:258)
Preimage,RequestStatusFor,correct,Asset Hub,after,[line 341](https://github.com/polkadot-fellows/runtimes/tree/a15fd2f2e60976bad12fce9c38d47dbce1f8f74b/pallets/ah-migrator/src/preimage.rs:341)
Preimage,PreimageFor,empty,Asset Hub,before,[line 240](https://github.com/polkadot-fellows/runtimes/tree/a15fd2f2e60976bad12fce9c38d47dbce1f8f74b/pallets/ah-migrator/src/preimage.rs:240)
Preimage,PreimageFor,empty,Relay,after,
Preimage,PreimageFor,length,Asset Hub,after,
Preimage,PreimageFor,consistent,Asset Hub,after,[line 246](https://github.com/polkadot-fellows/runtimes/tree/a15fd2f2e60976bad12fce9c38d47dbce1f8f74b/pallets/ah-migrator/src/preimage.rs:246) [line 301](https://github.com/polkadot-fellows/runtimes/tree/a15fd2f2e60976bad12fce9c38d47dbce1f8f74b/pallets/ah-migrator/src/preimage.rs:301) [line 385](https://github.com/polkadot-fellows/runtimes/tree/a15fd2f2e60976bad12fce9c38d47dbce1f8f74b/pallets/ah-migrator/src/preimage.rs:385)
Preimage,PreimageFor,correct,Asset Hub,after,[line 277](https://github.com/polkadot-fellows/runtimes/tree/a15fd2f2e60976bad12fce9c38d47dbce1f8f74b/pallets/ah-migrator/src/preimage.rs:277) [line 291](https://github.com/polkadot-fellows/runtimes/tree/a15fd2f2e60976bad12fce9c38d47dbce1f8f74b/pallets/ah-migrator/src/preimage.rs:291)
Babe,,,,,
Timestamp,,,,,
Indices,Accounts,empty,Asset Hub,before,[line 60](https://github.com/polkadot-fellows/runtimes/tree/a15fd2f2e60976bad12fce9c38d47dbce1f8f74b/pallets/ah-migrator/src/indices.rs:60)
Indices,Accounts,empty,Relay,after,[line 110](https://github.com/polkadot-fellows/runtimes/tree/a15fd2f2e60976bad12fce9c38d47dbce1f8f74b/pallets/rc-migrator/src/indices.rs:110)
Indices,Accounts,length,Asset Hub,after,[line 77](https://github.com/polkadot-fellows/runtimes/tree/a15fd2f2e60976bad12fce9c38d47dbce1f8f74b/pallets/ah-migrator/src/indices.rs:77)
Indices,Accounts,consistent,Asset Hub,after,
Indices,Accounts,correct,Asset Hub,after,[line 76](https://github.com/polkadot-fellows/runtimes/tree/a15fd2f2e60976bad12fce9c38d47dbce1f8f74b/pallets/ah-migrator/src/indices.rs:76)
Balances,TotalIssuance,empty,Asset Hub,before,
Balances,TotalIssuance,empty,Relay,after,
Balances,TotalIssuance,length,Asset Hub,after,
Balances,TotalIssuance,consistent,Asset Hub,after,
Balances,TotalIssuance,correct,Asset Hub,after,
Balances,InactiveIssuance,empty,Asset Hub,before,
Balances,InactiveIssuance,empty,Relay,after,
Balances,InactiveIssuance,length,Asset Hub,after,
Balances,InactiveIssuance,consistent,Asset Hub,after,
Balances,InactiveIssuance,correct,Asset Hub,after,
Balances,Account,empty,Asset Hub,before,
Balances,Account,empty,Relay,after,
Balances,Account,length,Asset Hub,after,
Balances,Account,consistent,Asset Hub,after,
Balances,Account,correct,Asset Hub,after,
Balances,Locks,empty,Asset Hub,before,
Balances,Locks,empty,Relay,after,
Balances,Locks,length,Asset Hub,after,
Balances,Locks,consistent,Asset Hub,after,
Balances,Locks,correct,Asset Hub,after,
Balances,Reserves,empty,Asset Hub,before,
Balances,Reserves,empty,Relay,after,
Balances,Reserves,length,Asset Hub,after,
Balances,Reserves,consistent,Asset Hub,after,
Balances,Reserves,correct,Asset Hub,after,
Balances,Holds,empty,Asset Hub,before,
Balances,Holds,empty,Relay,after,
Balances,Holds,length,Asset Hub,after,
Balances,Holds,consistent,Asset Hub,after,
Balances,Holds,correct,Asset Hub,after,
Balances,Freezes,empty,Asset Hub,before,
Balances,Freezes,empty,Relay,after,
Balances,Freezes,length,Asset Hub,after,
Balances,Freezes,consistent,Asset Hub,after,
Balances,Freezes,correct,Asset Hub,after,
TransactionPayment,,,,,
Authorship,,,,,
Staking,ValidatorCount,empty,Asset Hub,before,
Staking,ValidatorCount,empty,Relay,after,
Staking,ValidatorCount,length,Asset Hub,after,
Staking,ValidatorCount,consistent,Asset Hub,after,
Staking,ValidatorCount,correct,Asset Hub,after,
Staking,MinimumValidatorCount,empty,Asset Hub,before,
Staking,MinimumValidatorCount,empty,Relay,after,
Staking,MinimumValidatorCount,length,Asset Hub,after,
Staking,MinimumValidatorCount,consistent,Asset Hub,after,
Staking,MinimumValidatorCount,correct,Asset Hub,after,
Staking,Invulnerables,empty,Asset Hub,before,
Staking,Invulnerables,empty,Relay,after,
Staking,Invulnerables,length,Asset Hub,after,
Staking,Invulnerables,consistent,Asset Hub,after,
Staking,Invulnerables,correct,Asset Hub,after,
Staking,Bonded,empty,Asset Hub,before,
Staking,Bonded,empty,Relay,after,
Staking,Bonded,length,Asset Hub,after,
Staking,Bonded,consistent,Asset Hub,after,
Staking,Bonded,correct,Asset Hub,after,
Staking,MinNominatorBond,empty,Asset Hub,before,
Staking,MinNominatorBond,empty,Relay,after,
Staking,MinNominatorBond,length,Asset Hub,after,
Staking,MinNominatorBond,consistent,Asset Hub,after,
Staking,MinNominatorBond,correct,Asset Hub,after,
Staking,MinValidatorBond,empty,Asset Hub,before,
Staking,MinValidatorBond,empty,Relay,after,
Staking,MinValidatorBond,length,Asset Hub,after,
Staking,MinValidatorBond,consistent,Asset Hub,after,
Staking,MinValidatorBond,correct,Asset Hub,after,
Staking,MinimumActiveStake,empty,Asset Hub,before,
Staking,MinimumActiveStake,empty,Relay,after,
Staking,MinimumActiveStake,length,Asset Hub,after,
Staking,MinimumActiveStake,consistent,Asset Hub,after,
Staking,MinimumActiveStake,correct,Asset Hub,after,
Staking,MinCommission,empty,Asset Hub,before,
Staking,MinCommission,empty,Relay,after,
Staking,MinCommission,length,Asset Hub,after,
Staking,MinCommission,consistent,Asset Hub,after,
Staking,MinCommission,correct,Asset Hub,after,
Staking,Ledger,empty,Asset Hub,before,
Staking,Ledger,empty,Relay,after,
Staking,Ledger,length,Asset Hub,after,
Staking,Ledger,consistent,Asset Hub,after,
Staking,Ledger,correct,Asset Hub,after,
Staking,Payee,empty,Asset Hub,before,
Staking,Payee,empty,Relay,after,
Staking,Payee,length,Asset Hub,after,
Staking,Payee,consistent,Asset Hub,after,
Staking,Payee,correct,Asset Hub,after,
Staking,Validators,empty,Asset Hub,before,
Staking,Validators,empty,Relay,after,
Staking,Validators,length,Asset Hub,after,
Staking,Validators,consistent,Asset Hub,after,
Staking,Validators,correct,Asset Hub,after,
Staking,CounterForValidators,empty,Asset Hub,before,
Staking,CounterForValidators,empty,Relay,after,
Staking,CounterForValidators,length,Asset Hub,after,
Staking,CounterForValidators,consistent,Asset Hub,after,
Staking,CounterForValidators,correct,Asset Hub,after,
Staking,MaxValidatorsCount,empty,Asset Hub,before,
Staking,MaxValidatorsCount,empty,Relay,after,
Staking,MaxValidatorsCount,length,Asset Hub,after,
Staking,MaxValidatorsCount,consistent,Asset Hub,after,
Staking,MaxValidatorsCount,correct,Asset Hub,after,
Staking,Nominators,empty,Asset Hub,before,
Staking,Nominators,empty,Relay,after,
Staking,Nominators,length,Asset Hub,after,
Staking,Nominators,consistent,Asset Hub,after,
Staking,Nominators,correct,Asset Hub,after,
Staking,CounterForNominators,empty,Asset Hub,before,
Staking,CounterForNominators,empty,Relay,after,
Staking,CounterForNominators,length,Asset Hub,after,
Staking,CounterForNominators,consistent,Asset Hub,after,
Staking,CounterForNominators,correct,Asset Hub,after,
Staking,VirtualStakers,empty,Asset Hub,before,
Staking,VirtualStakers,empty,Relay,after,
Staking,VirtualStakers,length,Asset Hub,after,
Staking,VirtualStakers,consistent,Asset Hub,after,
Staking,VirtualStakers,correct,Asset Hub,after,
Staking,CounterForVirtualStakers,empty,Asset Hub,before,
Staking,CounterForVirtualStakers,empty,Relay,after,
Staking,CounterForVirtualStakers,length,Asset Hub,after,
Staking,CounterForVirtualStakers,consistent,Asset Hub,after,
Staking,CounterForVirtualStakers,correct,Asset Hub,after,
Staking,MaxNominatorsCount,empty,Asset Hub,before,
Staking,MaxNominatorsCount,empty,Relay,after,
Staking,MaxNominatorsCount,length,Asset Hub,after,
Staking,MaxNominatorsCount,consistent,Asset Hub,after,
Staking,MaxNominatorsCount,correct,Asset Hub,after,
Staking,CurrentEra,empty,Asset Hub,before,
Staking,CurrentEra,empty,Relay,after,
Staking,CurrentEra,length,Asset Hub,after,
Staking,CurrentEra,consistent,Asset Hub,after,
Staking,CurrentEra,correct,Asset Hub,after,
Staking,ActiveEra,empty,Asset Hub,before,
Staking,ActiveEra,empty,Relay,after,
Staking,ActiveEra,length,Asset Hub,after,
Staking,ActiveEra,consistent,Asset Hub,after,
Staking,ActiveEra,correct,Asset Hub,after,
Staking,ErasStartSessionIndex,empty,Asset Hub,before,
Staking,ErasStartSessionIndex,empty,Relay,after,
Staking,ErasStartSessionIndex,length,Asset Hub,after,
Staking,ErasStartSessionIndex,consistent,Asset Hub,after,
Staking,ErasStartSessionIndex,correct,Asset Hub,after,
Staking,ErasStakers,empty,Asset Hub,before,
Staking,ErasStakers,empty,Relay,after,
Staking,ErasStakers,length,Asset Hub,after,
Staking,ErasStakers,consistent,Asset Hub,after,
Staking,ErasStakers,correct,Asset Hub,after,
Staking,ErasStakersOverview,empty,Asset Hub,before,
Staking,ErasStakersOverview,empty,Relay,after,
Staking,ErasStakersOverview,length,Asset Hub,after,
Staking,ErasStakersOverview,consistent,Asset Hub,after,
Staking,ErasStakersOverview,correct,Asset Hub,after,
Staking,ErasStakersClipped,empty,Asset Hub,before,
Staking,ErasStakersClipped,empty,Relay,after,
Staking,ErasStakersClipped,length,Asset Hub,after,
Staking,ErasStakersClipped,consistent,Asset Hub,after,
Staking,ErasStakersClipped,correct,Asset Hub,after,
Staking,ErasStakersPaged,empty,Asset Hub,before,
Staking,ErasStakersPaged,empty,Relay,after,
Staking,ErasStakersPaged,length,Asset Hub,after,
Staking,ErasStakersPaged,consistent,Asset Hub,after,
Staking,ErasStakersPaged,correct,Asset Hub,after,
Staking,ClaimedRewards,empty,Asset Hub,before,
Staking,ClaimedRewards,empty,Relay,after,
Staking,ClaimedRewards,length,Asset Hub,after,
Staking,ClaimedRewards,consistent,Asset Hub,after,
Staking,ClaimedRewards,correct,Asset Hub,after,
Staking,ErasValidatorPrefs,empty,Asset Hub,before,
Staking,ErasValidatorPrefs,empty,Relay,after,
Staking,ErasValidatorPrefs,length,Asset Hub,after,
Staking,ErasValidatorPrefs,consistent,Asset Hub,after,
Staking,ErasValidatorPrefs,correct,Asset Hub,after,
Staking,ErasValidatorReward,empty,Asset Hub,before,
Staking,ErasValidatorReward,empty,Relay,after,
Staking,ErasValidatorReward,length,Asset Hub,after,
Staking,ErasValidatorReward,consistent,Asset Hub,after,
Staking,ErasValidatorReward,correct,Asset Hub,after,
Staking,ErasRewardPoints,empty,Asset Hub,before,
Staking,ErasRewardPoints,empty,Relay,after,
Staking,ErasRewardPoints,length,Asset Hub,after,
Staking,ErasRewardPoints,consistent,Asset Hub,after,
Staking,ErasRewardPoints,correct,Asset Hub,after,
Staking,ErasTotalStake,empty,Asset Hub,before,
Staking,ErasTotalStake,empty,Relay,after,
Staking,ErasTotalStake,length,Asset Hub,after,
Staking,ErasTotalStake,consistent,Asset Hub,after,
Staking,ErasTotalStake,correct,Asset Hub,after,
Staking,ForceEra,empty,Asset Hub,before,
Staking,ForceEra,empty,Relay,after,
Staking,ForceEra,length,Asset Hub,after,
Staking,ForceEra,consistent,Asset Hub,after,
Staking,ForceEra,correct,Asset Hub,after,
Staking,MaxStakedRewards,empty,Asset Hub,before,
Staking,MaxStakedRewards,empty,Relay,after,
Staking,MaxStakedRewards,length,Asset Hub,after,
Staking,MaxStakedRewards,consistent,Asset Hub,after,
Staking,MaxStakedRewards,correct,Asset Hub,after,
Staking,SlashRewardFraction,empty,Asset Hub,before,
Staking,SlashRewardFraction,empty,Relay,after,
Staking,SlashRewardFraction,length,Asset Hub,after,
Staking,SlashRewardFraction,consistent,Asset Hub,after,
Staking,SlashRewardFraction,correct,Asset Hub,after,
Staking,CanceledSlashPayout,empty,Asset Hub,before,
Staking,CanceledSlashPayout,empty,Relay,after,
Staking,CanceledSlashPayout,length,Asset Hub,after,
Staking,CanceledSlashPayout,consistent,Asset Hub,after,
Staking,CanceledSlashPayout,correct,Asset Hub,after,
Staking,UnappliedSlashes,empty,Asset Hub,before,
Staking,UnappliedSlashes,empty,Relay,after,
Staking,UnappliedSlashes,length,Asset Hub,after,
Staking,UnappliedSlashes,consistent,Asset Hub,after,
Staking,UnappliedSlashes,correct,Asset Hub,after,
Staking,BondedEras,empty,Asset Hub,before,
Staking,BondedEras,empty,Relay,after,
Staking,BondedEras,length,Asset Hub,after,
Staking,BondedEras,consistent,Asset Hub,after,
Staking,BondedEras,correct,Asset Hub,after,
Staking,ValidatorSlashInEra,empty,Asset Hub,before,
Staking,ValidatorSlashInEra,empty,Relay,after,
Staking,ValidatorSlashInEra,length,Asset Hub,after,
Staking,ValidatorSlashInEra,consistent,Asset Hub,after,
Staking,ValidatorSlashInEra,correct,Asset Hub,after,
Staking,NominatorSlashInEra,empty,Asset Hub,before,
Staking,NominatorSlashInEra,empty,Relay,after,
Staking,NominatorSlashInEra,length,Asset Hub,after,
Staking,NominatorSlashInEra,consistent,Asset Hub,after,
Staking,NominatorSlashInEra,correct,Asset Hub,after,
Staking,SlashingSpans,empty,Asset Hub,before,
Staking,SlashingSpans,empty,Relay,after,
Staking,SlashingSpans,length,Asset Hub,after,
Staking,SlashingSpans,consistent,Asset Hub,after,
Staking,SlashingSpans,correct,Asset Hub,after,
Staking,SpanSlash,empty,Asset Hub,before,
Staking,SpanSlash,empty,Relay,after,
Staking,SpanSlash,length,Asset Hub,after,
Staking,SpanSlash,consistent,Asset Hub,after,
Staking,SpanSlash,correct,Asset Hub,after,
Staking,CurrentPlannedSession,empty,Asset Hub,before,
Staking,CurrentPlannedSession,empty,Relay,after,
Staking,CurrentPlannedSession,length,Asset Hub,after,
Staking,CurrentPlannedSession,consistent,Asset Hub,after,
Staking,CurrentPlannedSession,correct,Asset Hub,after,
Staking,DisabledValidators,empty,Asset Hub,before,
Staking,DisabledValidators,empty,Relay,after,
Staking,DisabledValidators,length,Asset Hub,after,
Staking,DisabledValidators,consistent,Asset Hub,after,
Staking,DisabledValidators,correct,Asset Hub,after,
Staking,ChillThreshold,empty,Asset Hub,before,
Staking,ChillThreshold,empty,Relay,after,
Staking,ChillThreshold,length,Asset Hub,after,
Staking,ChillThreshold,consistent,Asset Hub,after,
Staking,ChillThreshold,correct,Asset Hub,after,
Offences,Reports,empty,Asset Hub,before,
Offences,Reports,empty,Relay,after,
Offences,Reports,length,Asset Hub,after,
Offences,Reports,consistent,Asset Hub,after,
Offences,Reports,correct,Asset Hub,after,
Offences,ConcurrentReportsIndex,empty,Asset Hub,before,
Offences,ConcurrentReportsIndex,empty,Relay,after,
Offences,ConcurrentReportsIndex,length,Asset Hub,after,
Offences,ConcurrentReportsIndex,consistent,Asset Hub,after,
Offences,ConcurrentReportsIndex,correct,Asset Hub,after,
Historical,,,,,
Session,,,,,
Grandpa,,,,,
AuthorityDiscovery,,,,,
Treasury,ProposalCount,empty,Asset Hub,before,
Treasury,ProposalCount,empty,Relay,after,
Treasury,ProposalCount,length,Asset Hub,after,
Treasury,ProposalCount,consistent,Asset Hub,after,
Treasury,ProposalCount,correct,Asset Hub,after,
Treasury,Proposals,empty,Asset Hub,before,
Treasury,Proposals,empty,Relay,after,
Treasury,Proposals,length,Asset Hub,after,
Treasury,Proposals,consistent,Asset Hub,after,
Treasury,Proposals,correct,Asset Hub,after,
Treasury,Deactivated,empty,Asset Hub,before,
Treasury,Deactivated,empty,Relay,after,
Treasury,Deactivated,length,Asset Hub,after,
Treasury,Deactivated,consistent,Asset Hub,after,
Treasury,Deactivated,correct,Asset Hub,after,
Treasury,Approvals,empty,Asset Hub,before,
Treasury,Approvals,empty,Relay,after,
Treasury,Approvals,length,Asset Hub,after,
Treasury,Approvals,consistent,Asset Hub,after,
Treasury,Approvals,correct,Asset Hub,after,
Treasury,SpendCount,empty,Asset Hub,before,
Treasury,SpendCount,empty,Relay,after,
Treasury,SpendCount,length,Asset Hub,after,
Treasury,SpendCount,consistent,Asset Hub,after,
Treasury,SpendCount,correct,Asset Hub,after,
Treasury,Spends,empty,Asset Hub,before,
Treasury,Spends,empty,Relay,after,
Treasury,Spends,length,Asset Hub,after,
Treasury,Spends,consistent,Asset Hub,after,
Treasury,Spends,correct,Asset Hub,after,
ConvictionVoting,VotingFor,empty,Asset Hub,before,[line 88](https://github.com/polkadot-fellows/runtimes/tree/a15fd2f2e60976bad12fce9c38d47dbce1f8f74b/pallets/ah-migrator/src/conviction_voting.rs:88)
ConvictionVoting,VotingFor,empty,Relay,after,
ConvictionVoting,VotingFor,length,Asset Hub,after,
ConvictionVoting,VotingFor,consistent,Asset Hub,after,
ConvictionVoting,VotingFor,correct,Asset Hub,after,[line 111](https://github.com/polkadot-fellows/runtimes/tree/a15fd2f2e60976bad12fce9c38d47dbce1f8f74b/pallets/ah-migrator/src/conviction_voting.rs:111)
ConvictionVoting,ClassLocksFor,empty,Asset Hub,before,[line 92](https://github.com/polkadot-fellows/runtimes/tree/a15fd2f2e60976bad12fce9c38d47dbce1f8f74b/pallets/ah-migrator/src/conviction_voting.rs:92)
ConvictionVoting,ClassLocksFor,empty,Relay,after,
ConvictionVoting,ClassLocksFor,length,Asset Hub,after,
ConvictionVoting,ClassLocksFor,consistent,Asset Hub,after,
ConvictionVoting,ClassLocksFor,correct,Asset Hub,after,[line 112](https://github.com/polkadot-fellows/runtimes/tree/a15fd2f2e60976bad12fce9c38d47dbce1f8f74b/pallets/ah-migrator/src/conviction_voting.rs:112)
Referenda,ReferendumCount,empty,Asset Hub,before,
Referenda,ReferendumCount,empty,Relay,after,
Referenda,ReferendumCount,length,Asset Hub,after,
Referenda,ReferendumCount,consistent,Asset Hub,after,
Referenda,ReferendumCount,correct,Asset Hub,after,
Referenda,ReferendumInfoFor,empty,Asset Hub,before,
Referenda,ReferendumInfoFor,empty,Relay,after,
Referenda,ReferendumInfoFor,length,Asset Hub,after,
Referenda,ReferendumInfoFor,consistent,Asset Hub,after,
Referenda,ReferendumInfoFor,correct,Asset Hub,after,
Referenda,TrackQueue,empty,Asset Hub,before,
Referenda,TrackQueue,empty,Relay,after,
Referenda,TrackQueue,length,Asset Hub,after,
Referenda,TrackQueue,consistent,Asset Hub,after,
Referenda,TrackQueue,correct,Asset Hub,after,
Referenda,DecidingCount,empty,Asset Hub,before,
Referenda,DecidingCount,empty,Relay,after,
Referenda,DecidingCount,length,Asset Hub,after,
Referenda,DecidingCount,consistent,Asset Hub,after,
Referenda,DecidingCount,correct,Asset Hub,after,
Referenda,MetadataOf,empty,Asset Hub,before,
Referenda,MetadataOf,empty,Relay,after,
Referenda,MetadataOf,length,Asset Hub,after,
Referenda,MetadataOf,consistent,Asset Hub,after,
Referenda,MetadataOf,correct,Asset Hub,after,
Whitelist,WhitelistedCall,empty,Asset Hub,before,
Whitelist,WhitelistedCall,empty,Relay,after,
Whitelist,WhitelistedCall,length,Asset Hub,after,
Whitelist,WhitelistedCall,consistent,Asset Hub,after,
Whitelist,WhitelistedCall,correct,Asset Hub,after,
Claims,Claims,empty,Asset Hub,before,
Claims,Claims,empty,Relay,after,
Claims,Claims,length,Asset Hub,after,
Claims,Claims,consistent,Asset Hub,after,
Claims,Claims,correct,Asset Hub,after,
Claims,Total,empty,Asset Hub,before,
Claims,Total,empty,Relay,after,
Claims,Total,length,Asset Hub,after,
Claims,Total,consistent,Asset Hub,after,
Claims,Total,correct,Asset Hub,after,
Claims,Vesting,empty,Asset Hub,before,
Claims,Vesting,empty,Relay,after,
Claims,Vesting,length,Asset Hub,after,
Claims,Vesting,consistent,Asset Hub,after,
Claims,Vesting,correct,Asset Hub,after,
Claims,Signing,empty,Asset Hub,before,
Claims,Signing,empty,Relay,after,
Claims,Signing,length,Asset Hub,after,
Claims,Signing,consistent,Asset Hub,after,
Claims,Signing,correct,Asset Hub,after,
Claims,Preclaims,empty,Asset Hub,before,
Claims,Preclaims,empty,Relay,after,
Claims,Preclaims,length,Asset Hub,after,
Claims,Preclaims,consistent,Asset Hub,after,
Claims,Preclaims,correct,Asset Hub,after,
Vesting,Vesting,empty,Asset Hub,before,[line 102](https://github.com/polkadot-fellows/runtimes/tree/a15fd2f2e60976bad12fce9c38d47dbce1f8f74b/pallets/ah-migrator/src/vesting.rs:102)
Vesting,Vesting,empty,Relay,after,[line 133](https://github.com/polkadot-fellows/runtimes/tree/a15fd2f2e60976bad12fce9c38d47dbce1f8f74b/pallets/rc-migrator/src/vesting.rs:133)
Vesting,Vesting,length,Asset Hub,after,[line 138](https://github.com/polkadot-fellows/runtimes/tree/a15fd2f2e60976bad12fce9c38d47dbce1f8f74b/pallets/ah-migrator/src/vesting.rs:138)
Vesting,Vesting,consistent,Asset Hub,after,
Vesting,Vesting,correct,Asset Hub,after,[line 137](https://github.com/polkadot-fellows/runtimes/tree/a15fd2f2e60976bad12fce9c38d47dbce1f8f74b/pallets/ah-migrator/src/vesting.rs:137)
Vesting,StorageVersion,empty,Asset Hub,before,
Vesting,StorageVersion,empty,Relay,after,
Vesting,StorageVersion,length,Asset Hub,after,
Vesting,StorageVersion,consistent,Asset Hub,after,
Vesting,StorageVersion,correct,Asset Hub,after,
Proxy,Proxies,empty,Asset Hub,before,[line 131](https://github.com/polkadot-fellows/runtimes/tree/a15fd2f2e60976bad12fce9c38d47dbce1f8f74b/integration-tests/ahm/src/proxy_test.rs:131)
Proxy,Proxies,empty,Relay,after,[line 227](https://github.com/polkadot-fellows/runtimes/tree/a15fd2f2e60976bad12fce9c38d47dbce1f8f74b/pallets/rc-migrator/src/proxy.rs:227)
Proxy,Proxies,length,Asset Hub,after,[line 152](https://github.com/polkadot-fellows/runtimes/tree/a15fd2f2e60976bad12fce9c38d47dbce1f8f74b/pallets/ah-migrator/src/proxy.rs:152)
Proxy,Proxies,consistent,Asset Hub,after,
Proxy,Proxies,correct,Asset Hub,after,[line 137](https://github.com/polkadot-fellows/runtimes/tree/a15fd2f2e60976bad12fce9c38d47dbce1f8f74b/integration-tests/ahm/src/proxy_test.rs:137)
Proxy,Announcements,empty,Asset Hub,before,
Proxy,Announcements,empty,Relay,after,
Proxy,Announcements,length,Asset Hub,after,
Proxy,Announcements,consistent,Asset Hub,after,
Proxy,Announcements,correct,Asset Hub,after,
Multisig,Multisigs,empty,Asset Hub,before,
Multisig,Multisigs,empty,Relay,after,
Multisig,Multisigs,length,Asset Hub,after,
Multisig,Multisigs,consistent,Asset Hub,after,
Multisig,Multisigs,correct,Asset Hub,after,
Bounties,BountyCount,empty,Asset Hub,before,
Bounties,BountyCount,empty,Relay,after,
Bounties,BountyCount,length,Asset Hub,after,
Bounties,BountyCount,consistent,Asset Hub,after,
Bounties,BountyCount,correct,Asset Hub,after,
Bounties,Bounties,empty,Asset Hub,before,
Bounties,Bounties,empty,Relay,after,
Bounties,Bounties,length,Asset Hub,after,
Bounties,Bounties,consistent,Asset Hub,after,
Bounties,Bounties,correct,Asset Hub,after,
Bounties,BountyDescriptions,empty,Asset Hub,before,
Bounties,BountyDescriptions,empty,Relay,after,
Bounties,BountyDescriptions,length,Asset Hub,after,
Bounties,BountyDescriptions,consistent,Asset Hub,after,
Bounties,BountyDescriptions,correct,Asset Hub,after,
Bounties,BountyApprovals,empty,Asset Hub,before,
Bounties,BountyApprovals,empty,Relay,after,
Bounties,BountyApprovals,length,Asset Hub,after,
Bounties,BountyApprovals,consistent,Asset Hub,after,
Bounties,BountyApprovals,correct,Asset Hub,after,
ChildBounties,ChildBountyCount,empty,Asset Hub,before,
ChildBounties,ChildBountyCount,empty,Relay,after,
ChildBounties,ChildBountyCount,length,Asset Hub,after,
ChildBounties,ChildBountyCount,consistent,Asset Hub,after,
ChildBounties,ChildBountyCount,correct,Asset Hub,after,
ChildBounties,ParentChildBounties,empty,Asset Hub,before,
ChildBounties,ParentChildBounties,empty,Relay,after,
ChildBounties,ParentChildBounties,length,Asset Hub,after,
ChildBounties,ParentChildBounties,consistent,Asset Hub,after,
ChildBounties,ParentChildBounties,correct,Asset Hub,after,
ChildBounties,ChildBounties,empty,Asset Hub,before,
ChildBounties,ChildBounties,empty,Relay,after,
ChildBounties,ChildBounties,length,Asset Hub,after,
ChildBounties,ChildBounties,consistent,Asset Hub,after,
ChildBounties,ChildBounties,correct,Asset Hub,after,
ChildBounties,ChildBountyDescriptions,empty,Asset Hub,before,
ChildBounties,ChildBountyDescriptions,empty,Relay,after,
ChildBounties,ChildBountyDescriptions,length,Asset Hub,after,
ChildBounties,ChildBountyDescriptions,consistent,Asset Hub,after,
ChildBounties,ChildBountyDescriptions,correct,Asset Hub,after,
ChildBounties,ChildrenCuratorFees,empty,Asset Hub,before,
ChildBounties,ChildrenCuratorFees,empty,Relay,after,
ChildBounties,ChildrenCuratorFees,length,Asset Hub,after,
ChildBounties,ChildrenCuratorFees,consistent,Asset Hub,after,
ChildBounties,ChildrenCuratorFees,correct,Asset Hub,after,
ElectionProviderMultiPhase,,,,,
VoterList,ListNodes,empty,Asset Hub,before,[line 80](https://github.com/polkadot-fellows/runtimes/tree/a15fd2f2e60976bad12fce9c38d47dbce1f8f74b/pallets/ah-migrator/src/staking/bags_list.rs:80)
VoterList,ListNodes,empty,Relay,after,
VoterList,ListNodes,length,Asset Hub,after,
VoterList,ListNodes,consistent,Asset Hub,after,
VoterList,ListNodes,correct,Asset Hub,after,[line 118](https://github.com/polkadot-fellows/runtimes/tree/a15fd2f2e60976bad12fce9c38d47dbce1f8f74b/pallets/ah-migrator/src/staking/bags_list.rs:118)
VoterList,CounterForListNodes,empty,Asset Hub,before,
VoterList,CounterForListNodes,empty,Relay,after,
VoterList,CounterForListNodes,length,Asset Hub,after,
VoterList,CounterForListNodes,consistent,Asset Hub,after,
VoterList,CounterForListNodes,correct,Asset Hub,after,
VoterList,ListBags,empty,Asset Hub,before,[line 86](https://github.com/polkadot-fellows/runtimes/tree/a15fd2f2e60976bad12fce9c38d47dbce1f8f74b/pallets/ah-migrator/src/staking/bags_list.rs:86)
VoterList,ListBags,empty,Relay,after,
VoterList,ListBags,length,Asset Hub,after,
VoterList,ListBags,consistent,Asset Hub,after,
VoterList,ListBags,correct,Asset Hub,after,[line 119](https://github.com/polkadot-fellows/runtimes/tree/a15fd2f2e60976bad12fce9c38d47dbce1f8f74b/pallets/ah-migrator/src/staking/bags_list.rs:119)
NominationPools,TotalValueLocked,empty,Asset Hub,before,
NominationPools,TotalValueLocked,empty,Relay,after,
NominationPools,TotalValueLocked,length,Asset Hub,after,
NominationPools,TotalValueLocked,consistent,Asset Hub,after,
NominationPools,TotalValueLocked,correct,Asset Hub,after,
NominationPools,MinJoinBond,empty,Asset Hub,before,
NominationPools,MinJoinBond,empty,Relay,after,
NominationPools,MinJoinBond,length,Asset Hub,after,
NominationPools,MinJoinBond,consistent,Asset Hub,after,
NominationPools,MinJoinBond,correct,Asset Hub,after,
NominationPools,MinCreateBond,empty,Asset Hub,before,
NominationPools,MinCreateBond,empty,Relay,after,
NominationPools,MinCreateBond,length,Asset Hub,after,
NominationPools,MinCreateBond,consistent,Asset Hub,after,
NominationPools,MinCreateBond,correct,Asset Hub,after,
NominationPools,MaxPools,empty,Asset Hub,before,
NominationPools,MaxPools,empty,Relay,after,
NominationPools,MaxPools,length,Asset Hub,after,
NominationPools,MaxPools,consistent,Asset Hub,after,
NominationPools,MaxPools,correct,Asset Hub,after,
NominationPools,MaxPoolMembers,empty,Asset Hub,before,
NominationPools,MaxPoolMembers,empty,Relay,after,
NominationPools,MaxPoolMembers,length,Asset Hub,after,
NominationPools,MaxPoolMembers,consistent,Asset Hub,after,
NominationPools,MaxPoolMembers,correct,Asset Hub,after,
NominationPools,MaxPoolMembersPerPool,empty,Asset Hub,before,
NominationPools,MaxPoolMembersPerPool,empty,Relay,after,
NominationPools,MaxPoolMembersPerPool,length,Asset Hub,after,
NominationPools,MaxPoolMembersPerPool,consistent,Asset Hub,after,
NominationPools,MaxPoolMembersPerPool,correct,Asset Hub,after,
NominationPools,GlobalMaxCommission,empty,Asset Hub,before,
NominationPools,GlobalMaxCommission,empty,Relay,after,
NominationPools,GlobalMaxCommission,length,Asset Hub,after,
NominationPools,GlobalMaxCommission,consistent,Asset Hub,after,
NominationPools,GlobalMaxCommission,correct,Asset Hub,after,
NominationPools,PoolMembers,empty,Asset Hub,before,
NominationPools,PoolMembers,empty,Relay,after,
NominationPools,PoolMembers,length,Asset Hub,after,
NominationPools,PoolMembers,consistent,Asset Hub,after,
NominationPools,PoolMembers,correct,Asset Hub,after,
NominationPools,CounterForPoolMembers,empty,Asset Hub,before,
NominationPools,CounterForPoolMembers,empty,Relay,after,
NominationPools,CounterForPoolMembers,length,Asset Hub,after,
NominationPools,CounterForPoolMembers,consistent,Asset Hub,after,
NominationPools,CounterForPoolMembers,correct,Asset Hub,after,
NominationPools,BondedPools,empty,Asset Hub,before,
NominationPools,BondedPools,empty,Relay,after,
NominationPools,BondedPools,length,Asset Hub,after,
NominationPools,BondedPools,consistent,Asset Hub,after,
NominationPools,BondedPools,correct,Asset Hub,after,
NominationPools,CounterForBondedPools,empty,Asset Hub,before,
NominationPools,CounterForBondedPools,empty,Relay,after,
NominationPools,CounterForBondedPools,length,Asset Hub,after,
NominationPools,CounterForBondedPools,consistent,Asset Hub,after,
NominationPools,CounterForBondedPools,correct,Asset Hub,after,
NominationPools,RewardPools,empty,Asset Hub,before,
NominationPools,RewardPools,empty,Relay,after,
NominationPools,RewardPools,length,Asset Hub,after,
NominationPools,RewardPools,consistent,Asset Hub,after,
NominationPools,RewardPools,correct,Asset Hub,after,
NominationPools,CounterForRewardPools,empty,Asset Hub,before,
NominationPools,CounterForRewardPools,empty,Relay,after,
NominationPools,CounterForRewardPools,length,Asset Hub,after,
NominationPools,CounterForRewardPools,consistent,Asset Hub,after,
NominationPools,CounterForRewardPools,correct,Asset Hub,after,
NominationPools,SubPoolsStorage,empty,Asset Hub,before,
NominationPools,SubPoolsStorage,empty,Relay,after,
NominationPools,SubPoolsStorage,length,Asset Hub,after,
NominationPools,SubPoolsStorage,consistent,Asset Hub,after,
NominationPools,SubPoolsStorage,correct,Asset Hub,after,
NominationPools,CounterForSubPoolsStorage,empty,Asset Hub,before,
NominationPools,CounterForSubPoolsStorage,empty,Relay,after,
NominationPools,CounterForSubPoolsStorage,length,Asset Hub,after,
NominationPools,CounterForSubPoolsStorage,consistent,Asset Hub,after,
NominationPools,CounterForSubPoolsStorage,correct,Asset Hub,after,
NominationPools,Metadata,empty,Asset Hub,before,
NominationPools,Metadata,empty,Relay,after,
NominationPools,Metadata,length,Asset Hub,after,
NominationPools,Metadata,consistent,Asset Hub,after,
NominationPools,Metadata,correct,Asset Hub,after,
NominationPools,CounterForMetadata,empty,Asset Hub,before,
NominationPools,CounterForMetadata,empty,Relay,after,
NominationPools,CounterForMetadata,length,Asset Hub,after,
NominationPools,CounterForMetadata,consistent,Asset Hub,after,
NominationPools,CounterForMetadata,correct,Asset Hub,after,
NominationPools,LastPoolId,empty,Asset Hub,before,
NominationPools,LastPoolId,empty,Relay,after,
NominationPools,LastPoolId,length,Asset Hub,after,
NominationPools,LastPoolId,consistent,Asset Hub,after,
NominationPools,LastPoolId,correct,Asset Hub,after,
NominationPools,ReversePoolIdLookup,empty,Asset Hub,before,
NominationPools,ReversePoolIdLookup,empty,Relay,after,
NominationPools,ReversePoolIdLookup,length,Asset Hub,after,
NominationPools,ReversePoolIdLookup,consistent,Asset Hub,after,
NominationPools,ReversePoolIdLookup,correct,Asset Hub,after,
NominationPools,CounterForReversePoolIdLookup,empty,Asset Hub,before,
NominationPools,CounterForReversePoolIdLookup,empty,Relay,after,
NominationPools,CounterForReversePoolIdLookup,length,Asset Hub,after,
NominationPools,CounterForReversePoolIdLookup,consistent,Asset Hub,after,
NominationPools,CounterForReversePoolIdLookup,correct,Asset Hub,after,
NominationPools,ClaimPermissions,empty,Asset Hub,before,
NominationPools,ClaimPermissions,empty,Relay,after,
NominationPools,ClaimPermissions,length,Asset Hub,after,
NominationPools,ClaimPermissions,consistent,Asset Hub,after,
NominationPools,ClaimPermissions,correct,Asset Hub,after,
FastUnstake,Head,empty,Asset Hub,before,
FastUnstake,Head,empty,Relay,after,
FastUnstake,Head,length,Asset Hub,after,
FastUnstake,Head,consistent,Asset Hub,after,
FastUnstake,Head,correct,Asset Hub,after,
FastUnstake,Queue,empty,Asset Hub,before,
FastUnstake,Queue,empty,Relay,after,
FastUnstake,Queue,length,Asset Hub,after,
FastUnstake,Queue,consistent,Asset Hub,after,
FastUnstake,Queue,correct,Asset Hub,after,
FastUnstake,CounterForQueue,empty,Asset Hub,before,
FastUnstake,CounterForQueue,empty,Relay,after,
FastUnstake,CounterForQueue,length,Asset Hub,after,
FastUnstake,CounterForQueue,consistent,Asset Hub,after,
FastUnstake,CounterForQueue,correct,Asset Hub,after,
FastUnstake,ErasToCheckPerBlock,empty,Asset Hub,before,
FastUnstake,ErasToCheckPerBlock,empty,Relay,after,
FastUnstake,ErasToCheckPerBlock,length,Asset Hub,after,
FastUnstake,ErasToCheckPerBlock,consistent,Asset Hub,after,
FastUnstake,ErasToCheckPerBlock,correct,Asset Hub,after,
DelegatedStaking,Delegators,empty,Asset Hub,before,
DelegatedStaking,Delegators,empty,Relay,after,
DelegatedStaking,Delegators,length,Asset Hub,after,
DelegatedStaking,Delegators,consistent,Asset Hub,after,
DelegatedStaking,Delegators,correct,Asset Hub,after,
DelegatedStaking,CounterForDelegators,empty,Asset Hub,before,
DelegatedStaking,CounterForDelegators,empty,Relay,after,
DelegatedStaking,CounterForDelegators,length,Asset Hub,after,
DelegatedStaking,CounterForDelegators,consistent,Asset Hub,after,
DelegatedStaking,CounterForDelegators,correct,Asset Hub,after,
DelegatedStaking,Agents,empty,Asset Hub,before,
DelegatedStaking,Agents,empty,Relay,after,
DelegatedStaking,Agents,length,Asset Hub,after,
DelegatedStaking,Agents,consistent,Asset Hub,after,
DelegatedStaking,Agents,correct,Asset Hub,after,
DelegatedStaking,CounterForAgents,empty,Asset Hub,before,
DelegatedStaking,CounterForAgents,empty,Relay,after,
DelegatedStaking,CounterForAgents,length,Asset Hub,after,
DelegatedStaking,CounterForAgents,consistent,Asset Hub,after,
DelegatedStaking,CounterForAgents,correct,Asset Hub,after,
Configuration,,,,,
ParasShared,,,,,
ParaInclusion,,,,,
ParaInherent,,,,,
ParaScheduler,,,,,
Paras,,,,,
Initializer,,,,,
Dmp,,,,,
Hrmp,,,,,
ParaSessionInfo,,,,,
ParasDisputes,,,,,
ParasSlashing,,,,,
OnDemand,,,,,
CoretimeAssignmentProvider,,,,,
Registrar,,,,,
Slots,Leases,empty,Asset Hub,before,
Slots,Leases,empty,Relay,after,
Slots,Leases,length,Asset Hub,after,
Slots,Leases,consistent,Asset Hub,after,
Slots,Leases,correct,Asset Hub,after,
Auctions,,,,,
Crowdloan,Funds,empty,Asset Hub,before,
Crowdloan,Funds,empty,Relay,after,
Crowdloan,Funds,length,Asset Hub,after,
Crowdloan,Funds,consistent,Asset Hub,after,
Crowdloan,Funds,correct,Asset Hub,after,
Crowdloan,NewRaise,empty,Asset Hub,before,
Crowdloan,NewRaise,empty,Relay,after,
Crowdloan,NewRaise,length,Asset Hub,after,
Crowdloan,NewRaise,consistent,Asset Hub,after,
Crowdloan,NewRaise,correct,Asset Hub,after,
Crowdloan,EndingsCount,empty,Asset Hub,before,
Crowdloan,EndingsCount,empty,Relay,after,
Crowdloan,EndingsCount,length,Asset Hub,after,
Crowdloan,EndingsCount,consistent,Asset Hub,after,
Crowdloan,EndingsCount,correct,Asset Hub,after,
Crowdloan,NextFundIndex,empty,Asset Hub,before,
Crowdloan,NextFundIndex,empty,Relay,after,
Crowdloan,NextFundIndex,length,Asset Hub,after,
Crowdloan,NextFundIndex,consistent,Asset Hub,after,
Crowdloan,NextFundIndex,correct,Asset Hub,after,
StateTrieMigration,,,,,
XcmPallet,,,,,
MessageQueue,,,,,
AssetRate,ConversionRateToNative,empty,Asset Hub,before,
AssetRate,ConversionRateToNative,empty,Relay,after,
AssetRate,ConversionRateToNative,length,Asset Hub,after,
AssetRate,ConversionRateToNative,consistent,Asset Hub,after,
AssetRate,ConversionRateToNative,correct,Asset Hub,after,
Beefy,,,,,
Mmr,,,,,
BeefyMmrLeaf,,,,,
RcMigrator,,,,,
